{
    "loss": 0.051436521112918854,
    "accuracy": 0.971222996711731
}